id,response,time,reasoning_tokens
0,ga-ra-ra-ma-ya-za-za-ba-za-ma-ma-za-za-ma,1299.591288,78820
1,ta,1425.35448,85193
2,ga-za-ga-ga-ra-ga,1371.236489,80595
3,ta,1063.32959,64712
4,ta,1150.046876,68671
5,va-za-ra-ga,1149.37077,73325
6,ta,1001.976824,48981
7,ga-ya-ma-ma-ga-sa-ma-ma-za-ma-ra-za,1972.171636,17816
8,ta,1090.214753,21650
9,ta,912.300105,56711
10,ma-za-ya-za-ba-za-za-va-va-va-va-va-va-va-va-va,1272.529863,88026
11,ta,1016.656882,11419
12,ta,1732.232518,105152
13,va-va-za-va-va-va-va-ga-va-ga-ma-ga-ga-ma-va-va-ma-va-ga-ga-ga-ma-ga,1282.042461,53110
14,ta,1637.016831,63750
15,ta,1552.822897,87237
16,ta,1374.200622,36480
17,ma-ra-ra-za,1909.777477,100223
18,ma-ya-ma-ra-za-sa-za-va-va,1301.309271,55727
19,ta,1338.19138,85468
20,va-va-ya-ga-ga-ga-ba-ga-ma-ra-va-ya-za,1354.650999,102562
21,ma-ra-ra-ma-va-za,1747.734134,72181
22,ta,968.017507,43129
23,ta,2044.462486,73457
24,ta,1641.410005,22489
25,ta,1702.093704,41202
26,ta,1456.608903,80948
27,ma-ma-ga-ga-ra-ma-za-za,1645.154552,39353
28,ma-ma-va-ma-za-za-va-ma-za-ma-za-va-za-ma-ga,1680.383473,77170
29,va-va-ga-ga-va,1332.70365,58003
30,ta,1604.139611,64359
31,ta,1220.879463,38211
32,ga-ya-za-va-ba-za-ga-ya-ma-ra-ra-ra-ra-za-sa-za-ya-za-sa-za-ga-ga-ya-za-za-sa-za-ma-ya-ra-ra-ma-ra-ra-ma-ga-ba-va-ya-za-ma-sa-va-za-ra-ra-ma-ga-ma-ra-ra-ma-ma-ga-ga,1965.162022,62983
33,ta,1449.85756,8986
34,va-ra-va,1555.912121,38790
35,ga-ga-ra-ga-ga,1158.033068,10150
36,ta,2258.650274,55630
37,ta,1480.108303,87377
38,ta,1138.395826,63838
39,ta,1158.219946,21521
40,za-ya-ma-ra-ga-ba-ma,2331.566737,103046
41,ta,1774.904686,44219
42,za-ra-ma-ga,979.577909,22276
43,ta,1580.612384,64013
44,ga-ra-za-ma,1447.518714,90122
45,ta,1772.271727,66473
46,va-za-za-za-ya-ma-sa-ma-ya-ma-sa-ma-ma-ma-va-ya-ga-ga-ba-ga-ma-ma-ma-ya-za-ba-za-ra-za-ma-ga-ya-va-ba-za-ya-ga-ga-ma-va-va-ba-ga-ya-za-ma-va-ma-ma-ga-ra-ma-sa-ma-ga-za-va-za-ra-ma-ma-ga-za,1740.749811,104116
47,ta,1907.81242,10957
48,ta,1179.88724,36236
49,ga-va-va-ra-ga-ga-ma-ga,1520.466749,18443
50,za-ra-za,842.985955,50675
51,ta,1989.388006,88191
52,ra-ra-za-ya-ma-va-ba-ra-ra-ma-ba-ra-ra-ma-ga-ma,1706.883994,107465
53,ta,1796.652693,100490
54,va-ra-ma,1547.022958,21380
55,ta,1631.332634,39380
56,ta,1273.684684,44808
57,za-za-ra-ga,1448.224635,79678
58,ga-va-va-va-za-va-za-za-va,1261.500767,46453
59,ta,1301.993792,77665
60,ta,1659.0563,96784
61,va-ma-ga-za-ra-ra-ra-ra-ra-va-ya-va-ba-va-va-va-ma-va,1684.188871,100764
62,za-va-ya-ga-va-ga-sa-ga-ya-ga-ga-va-va-va-za-va-va-ba-va-va-va-va-va-ga-ma-ya-ma-ma-ga-ma-ma-ba-ga-ma-va-va-va-ga-ga-va-ya-za-za-sa-va-va-ya-za-za-za-za-za-ga-ga-sa-va-ga-ga-ga-ga-ga-ma,1441.416964,94454
63,ta,2002.279315,118395
64,ta,1503.794121,85531
65,ta,1550.23491,94829
66,ta,1941.284593,115805
67,ta,1801.108692,109231
68,ta,1492.869979,77198
69,ma-ma-ga-ga-ma-ya-ga-ba-ga-ga-ga-ba-ga,1521.71813,87540
70,ta,879.722158,50474
71,va-za-za-ga-ma-ma-za-za-ra-za-ma-ma-ra-za-ga-ma-ma-ma-ra-ma-ra-ma-ma-ra-ga-ga-ma-ma-ga,1924.160904,121604
72,ta,1542.214243,93848
73,za-ra-ma-ma-ma-ma,1554.346031,90450
74,ta,2236.977355,122107
75,za-za-ga-za-za-ma-ma-ma-ga-ma,1796.900043,107652
76,ta,1902.830148,105640
77,za-ra-ma,1978.757113,100972
78,ga-va-ya-ma-za-ma-za-za-ba-za,1267.418056,75444
79,ma-za-ya-ma-sa-za-ya-ga-va-ra-ra-ra-ra-ra-ra-ra-ra-ra-ra-ra-ra-ra-ra-ra-ra-ra-ra-ra-ra-ra-ra-ra-ra-ra-ra-ra-ra-ra-ra-ra-ra-ra-ra-ra-ra-ra-ra-ra-ra-ra-ra-ra-ra-ra-ra-ra-za-za-va-va-za-va-va,2047.315857,120810
80,ma-va-ra-va-ga-za,1179.91844,72167
81,va-ra-za,1665.51063,90128
82,ta,1741.136892,92202
83,va-za-ra-za-za,1828.438647,95252
84,ta,1943.467011,107224
85,ma-ma-ma-ma-ma-ma-ga-ga-ga-ra-ga,1793.30184,87972
86,ta,1743.002359,95718
87,va-ga-ga-ma-ga-za-ra-ma,2066.846557,104577
88,ta,1707.427217,75603
89,ta,2024.435831,105527
90,za-za-ra-ga,1817.201861,109372
91,va-ga-ya-ma-za-za-za-ba-va-za-va,1458.393305,80557
92,ga-ma-ma-za-ma-ma-ma-ma-ma-za-za-ma-ma-ya-ma-ma-za-ma-za-ma-ma-ma-ba-ga-ya-za-ma-ma-ba-ma-ma-ma-ga-ma-ma-ga-ma-ma-za-ma,1720.439604,98952
93,za,952.125426,53645
94,ta,1530.829655,87295
95,ta,1727.928867,73513
96,ta,1566.431376,93371
97,ta,1354.920955,73500
98,ga-ra-va-ma-ra-va-ma-ra-za-ga-ra-ma-va-ra-ga-za-ra-ma-va-ra-va-ra-ga-za-ra-va-ma-ra-va-ra-ga-za-ra-ga-ra-ga-za-ra-va-za-ya-ga-ga-sa-va-ga-ya-va-ga-va-ga-ga-ga-ga-ga-sa-ma-ma-ra-va-ma-ra-za-ga-ra-ga-za-ra-za-ga-ra-ga-ga-ra-va-ma-ra-ga-ra-ga-ra-va-ra-ga-ra-ga-za-ra-ga-za-ra-va-ma-ra-ga-za-ra-ga-ya-za-ra-ga-ba-ga-ya-ga-ba-ga-ra-ga-za-ra-za-ga-ra-va-ra-va-va-ra-ga-ga-ra-ga-za-ra-va-ma-ra-za-ga-ra-va-ma-ra-va-ma-ra-va-ra-ga-za-ra-ga-ra-ga-za-ra-ga-za-ra-ga-ra-va-ma-ra-va-ma-ra-ga-za-ra-za-ga-ra-va-ma-ra-va-ma-ra-va-ra-va-ma-ra-ma,1791.398031,113723
99,ta,1126.322202,69570
100,ta,2098.605903,110156
101,ta,1759.540651,101599
102,ta,1712.843008,92547
103,va-ra-va-za,1318.808509,73004
104,za-ra-ga-ga,1876.379032,81515
105,ta,2035.682833,114645
106,ta,1581.962441,97469
107,ta,1778.847597,76590
108,va-va-va-va-va-ga-va-ga-va-va-va-ga-va-va-ga-va-ya-va-ba-ga-ga-ga-va-ya-va-va-va-za-va-va-va-va-ba-va-va-va-va-va-ga-va-ga-va-va-za-ya-va-ba-va-za-va-va-va-ga-ga,1726.727511,108866
109,ta,1546.324694,95964
110,ta,1451.020411,90041
111,ta,1754.658527,102727
112,ga-ya-za-za-ma-sa-za-za-ga-va,1677.94382,89718
113,ma-ra-za-ga-ra-ma-ya-va-ra-va-ra-za-ga-ra-ga-ra-za-za-ba-za-za-va-ra-va-ma-ra-ga-va-ra-va-za-za,1648.894065,95684
114,za-za-ya-va-va-va-va-sa-va-ma-za-ga-ya-ma-ma-va-ba-va-ya-va-va-ma-va-za-va-va-va-ga-sa-ga-va-ga-va-ga-va-ga-ma,1867.770095,110700
115,za-za-za-ra-ma-za-ra-va-ma-ga-ga-ya-ga-ba-ga-ga-ra-va-ya-za-sa-za-ya-va-ba-va-za-ya-va-ba-va-ra-za-ya-va-ba-va-va,2228.42699,122681
116,ga-va-ga-ra-za,2055.536109,11402
117,va-ra-ma-ga-ma,1598.691575,95059
118,ta,1875.737663,104982
119,ma-za-za-ma-ra-za,1492.556244,85064
120,ma-za-ya-za-va-za-ba-za-ya-za-ma-ba-za-ya-za-va-va-za-za-za-za-ma-ma-za-za-za-sa-za-za-ma-ma-za-za-ma-ma,1499.942302,95939
121,za-ya-va-ma-ma-za-ga-za-ba-za-ra-za-ya-za-ra-za-ba-ga-ra-ga-ga-ra-ga-ga-ga-ma-ya-ma-ga-za-za-ra-za-za-ra-za-za-sa-za-ra-va-ya-ma-ra-za-sa-ma-ra-ma-ya-va-ra-za-va-ba-va-ya-ma-ma-ma-sa-ma-ya-ma-ra-ma-va-sa-ma-ma-ya-ma-ba-ma-va-ma-ya-ma-ma-ba-ma-ra-ma-ma-ya-ma-sa-ma-va,1669.808818,108591
122,ta,1164.795442,66583
123,va-ga-ra-va-va-va-va-va-va-va-va-ga-ga-ga-ga-ra-va-ga-va-va-va-ga,1435.741977,91090
124,ta,1583.394501,87822
125,va-ya-ga-za-ba-va-ga-ya-za-za-sa-va-va-ma-ya-va-va-ma-va-ma-va-ma-ma-ga-ba-ga-ga-va,1731.774679,110798
126,za-ya-ga-ga-ra-ga-ra-va-sa-va,1551.669369,91562
127,ta,1585.579654,32619
128,ta,2068.452773,111932
129,ta,2063.129882,50682
130,ga-ra-ma-ga-ma-za-ma-za,1599.296425,98936
131,ta,1532.416982,87182
132,ga-ra-za-ma-za,2205.608971,6883
133,za,1284.952173,35194
134,ta,917.646243,35608
135,ma-za-za-za-za-za-za-za-za-za-za-za-za-za-ma,1383.351439,77722
136,ta,1128.470444,64230
137,ta,1688.91002,89461
138,ta,2377.891226,123875
139,za-ra-ga-va-ma,1549.040778,88891
140,ma-za-za-ga-ga-za,1810.87816,7593
141,ma-ra-va,1375.43175,37637
142,ta,925.873566,10595
143,za-ra-ra-ra-ra-ra-za-ya-ga-ga-ga-sa-ga-ga-ga,1885.205409,24591
144,ta,2033.023827,116411
145,ga-ra-za-ga,1157.1243,63947
146,ma-ga-ya-ga-ga-sa-va-za-va-ga-ya-ga-va-va-ga-va-ga-va-ga-va-va-va-ga-ba-ga-va-va,1429.510824,32295
147,ma-ra-ga,1250.660644,19364
148,ma-za-ga-ga-ga-ga-ma-za-za-za-ga-ga-ya-ga-sa-ga-ya-ga-ba-ga-za-ma-ma-ma-ya-ma-ma-sa-za-ya-za-za-va-ma-ma-ma-ba-za-za-ma-ma-ma-ga-ga-za-za-za-za-za-za-ya-za-va-za-za-ba-za-za-za-za-za-ma-ma-ga-ga-za-za-va,2187.070351,119467
149,ga-ra-va,1722.071839,70888
150,ma-ra-ma,1445.735306,79184
151,ta,1919.498687,97161
152,ga-ya-ma-ma-ma-ma-ga-ga-ga-sa-va-ga-za-ga-ga-va-ga-ga-ga-ma-ga-za-ga-ga-ga-ga-ga-ga-ga-ga-ga-ga-ga-ga-ga-ga-ga-ga-ma-ma-ma-ma-ma-ma-ma-ma-va-ma-ma-ma-ma-ma-ma-ma-ma-ma-za-ma,1975.192502,104196
153,ta,1456.341595,18108
154,ga-ra-ga-za-va-ma,1208.851931,68344
155,va-ya-ga-ga-va-sa-va-va-va-va,1844.289938,49514
156,za-va-ra-ra-va,1260.787935,38147
157,va-ra-va,1089.742298,7804
158,ma-ga-ra-ga-ga,1028.403627,59274
159,ma-va-ya-ma-va-za-sa-za-za-za-za-za-ga-ga-ga-ga-ya-ga-sa-ma,1544.665766,27853
160,ta,1178.644298,46509
161,za-za-za-za-ma-ma-ya-ma-sa-za,1249.948374,48720
162,ta,1814.640539,34891
163,ma-za-ya-ma-sa-ma-ga-za-za-ya-ga-ba-ga-ma-ma-ga-ya-za-za-ba-ma-ma-za-ya-ma-va-ma-ma-za-za-sa-za-ya-ma-ma-ma-ma-ma-ba-ma-ma-ya-ga-ma-ma-sa-ga-ma-ra-ma-ma-ga-ya-ga-ba-ga-ga-ya-ga-ga-ga-sa-ga-ya-ga-ga-ba-ga-ra-ga-ga-ya-za-za-ra-ma-ga-za-za-ba-ma-za-ra-za-za,2034.51139,35528
164,ta,613.287666,41589
165,va-za-ga-za-va-ma-za-ra-ga-ga-va-va-za-za-za-ra-za-ma-ma-va-va-va,1420.359671,9436
166,ga-ma-va-ma-ga-ga-va-za-va-ga-ya-va-ga-ma-ma-za-ra-za-sa-ga-ma-ra-ya-va-ba-ma-ya-va-va-ba-va-va-va-va-va-va-za-va-ma-va-va-va-va-ra-ga-ga-ma-va-va-ma-va-ra-ra-ya-za-sa-za-ya-va-va-va-sa-za-za,1763.233185,29246
167,ma-ma-ga-ga-ga-ra-va-va-va,1982.647454,5897
168,va-ma-va-va-za-za-ra-za-za-ya-ga-va-ma-za-ra-za-ba-ga-ya-za-za-ba-za-za-ya-ga-ga-va-ra-ga-ba-za-va-va-ya-ga-ra-ra-va-va-za-sa-va-ga-ma-ya-va-va-ra-va-sa-ga-ra-ya-ga-ma-ra-sa-ga-ga-ga-ma-ma-ga,1460.12,96742
169,ma-ra-za-ya-za-ra-za-sa-ma-ma,1659.04954,33821
170,ga-ra-za-ya-za-va-ra-ma-va-ba-za-ya-za-ma-za-ra-ra-ra-ba-ma-ga-va-va-ra-ma-ya-ma-ra-za-ma-ma-ma-ba-ga-ma-ga-ra,1666.330599,45532
171,va-za-ra-ma,1570.755513,94670
172,ta,1803.46976,77195
173,ma-ya-ma-ma-va-ma-ma-ma-sa-ma-ma-ma-ga-va-za-ga-ya-za-za-va-va-ma-ga-va-va-sa-ma-va,1559.29343,29671
174,ga-ya-za-ma-va-ba-za-va-ya-za-va-va-za-ma-va-ga-ma-ma-ma-ga-va-va-va-va-sa-va-va-ya-va-ba-za-ya-va-ma-va-za-za-ma-va-va-ba-va-va-va-ya-va-sa-va-va,1882.8527,118346
175,ma-ya-ga-za-ba-ga-va-za-ra-ma,1386.516358,88576
176,ta,1480.417535,70402
177,za-ga-za-za-ra-va-za-ra-ga-ga-ya-va-ga-ra-ga-ba-ga-va-ma-ya-va-va-ma-sa-za-va-va-va-va,1629.804047,50566
178,ta,1378.903805,82597
179,ta,1855.837271,18903
180,ma-za-ya-za-za-sa-va-va-ya-va-va-va-ma-za-za-ga-va-za-va-va-za-va-ma-ga-ga-sa-va,1493.64012,31267
181,ta,1821.006898,33918
182,ta,1100.78979,77809
183,ma-ra-va,1106.121925,32507
184,za-ma-za-za-ma-ma-ma-ma-ya-za-ba-ma-ma-ma-ma-ma-za-ya-ma-za-ma-ma-sa-za,1497.100649,94250
185,ta,1564.953857,2800
186,ta,1329.481411,80623
187,va-ra-va-va-ga-ga,1768.020015,103569
188,ta,1640.278302,92337
189,ga-va-va-ga-ga-ya-za-va-va-za-za-ma-ba-va-va-ma,1956.445028,111825
190,ga-ga-ga-ma-ga-ga-ga-ga-ra-ma,1338.853024,78376
191,ta,2102.040004,120640
192,ta,1615.054279,6839
193,va-ma-ra-ga-va,1232.339096,80611
194,ta,1207.898178,73914
195,ta,1468.516854,30114
196,ga-ga-va-ra-za,1256.499415,77494
197,ma-ga-ra-ga-ga,1590.354425,80615
198,za-za-ga-ra-ra-ra-ma-ya-ma-za-va-ra-sa-ma-ya-ma-ra-ma-ra-ma-za-ma-va-ma-ma-za-ba-ma-ma-va-za-ma-za,1656.303533,1160
199,ta,1355.628081,25125
200,ga-ra-ga-ga-va-ya-ma-ma-ma-ba-ma-ya-ma-ra-sa-za-ra-ra-ga-ma-ma-ma-ra-ga,1830.777481,93882
201,ga-ga-ga-va-va-ra-va-va-va-za-va-ya-za-ba-va-va-va-ga-va-ya-va-va-sa-ga-ya-va-va-za-sa-va,2457.998186,59825
202,ma-ma-ga-ra-ya-ga-sa-ma-ra-ma-ma-ma-va-ya-za-ga-za-ba-ma-ya-va-za-ba-za-ya-ma-ra-ma-sa-ma-ya-ga-ga-sa-ga-ya-ma-ba-ga-ya-ma-ma-ma-va-ma-ma-ga-va-ba-ga-ya-ga-ga-ga-ma-ma-ra-ma-ga-ra-ga-ra-sa-ga-ya-ga-ba-ga-ra-ra-ya-ma-ga-za-ga-va-ga,1603.919308,80054
203,ma-ra-za,1162.542722,31549
204,ta,1706.754751,18333
205,ta,2064.104527,61948
206,ta,2233.691992,76271
207,ta,2134.704289,84787
208,va-za-za-za-ra-ga-ma,1853.898885,64158
209,ta,1694.973067,61950
210,ta,1708.595769,77555
211,ga-ra-ma-ya-va-ra-za-za-za-va-ma-ra-ga-ba-ga-ma,1388.963769,35238
212,ga-ga-ra-ga-za,1486.152273,57115
213,ta,2100.446786,87780
214,ta,1658.199267,95454
215,ta,1477.294788,86873
216,ta,1725.511908,105142
217,ma-ra-za,1699.160069,96011
218,va-ya-za-za-za-za-ba-za-za-ma-ya-va-za-sa-za-ma-ya-va-za-sa-za-za-za-za,2186.636121,108260
219,ta,1919.009583,112854
220,ma-ya-za-ra-za-ba-va-ra-za-ga-ra-za-ma-za-ga-ga-va-va-za-za-ma-ra-va-ma-ga-ga-ga-ga-ga-ga-ya-ga-sa-va-za-ga-va-va-ga-ga-ma-va-va-ra-va-va-ma-va-va-za-va-ya-va-ba-va-ya-va-va-sa-va-va-va-va-ra-ma-ga-ra-ga-ga-ma-ga-za-ga-ga-ra-ma-ma-ya-ma-ba-ma,1549.708199,106011
221,ta,1687.123598,103054
222,ma-ma-ya-ga-ma-va-ma-ba-ma-ma,1169.058648,44774
223,za-ga-va-ra-za-ma,1302.394338,83731
224,ta,1295.743928,76583
225,ta,1926.572087,121716
226,za-ra-va-ra-ga-ya-ga-za-ba-ga-ma,2903.985686,89355
227,va-ga-za-va-ga-ma-ma-va-va-ga-ya-va-ma-va-va-ba-ga-ya-ga-sa-ga-ga-ga-ga-ga-ga-za-ga,1825.614699,112124
228,ga-ra-za-za,1145.802361,66134
229,ta,1970.564778,108089
230,ta,1239.812738,70297
231,ta,1909.287575,101296
232,ta,2397.539505,14074
233,za-ra-za-za,1097.356164,60016
234,ta,1143.006956,35395
235,ra-ga-ra-ya-ra-ga-ra-ga-ba-ga-ga-ga,1654.641304,90917
236,va-ma-ya-va-ma-sa-ga-ga-ga-va-ra-ga-ya-ga-ba-ga-ga-ga,1591.912967,74897
237,ta,1211.229362,8441
238,ma-ga-ma-va-ga-ga-va-ya-za-ga-ma-va-ba-ma-ya-ga-ra-za-ra-za-ra-za-ra-za-ra-ma-ra-ma-ma-ra-ma-ra-za-ma-ra-za-ra-sa-za,2045.212168,42112
239,va-ya-ga-sa-ga-ma-ma-ga-ma-ma-ma-za-za-ya-ga-ga-ma-ma-ma-sa-ma-ma-za-ya-ma-ma-ba-ma-ma-ga-ga-ya-ma-ba-ma-ma-ma-ma-ga-ma-ya-ma-ma-sa-ma-va-za-ma-ma-ma-ga-va-ma-va-ga-ma-ma-ma-ga-ma-ga-za-za,1929.813222,10036
240,za-ma-za-za-ma-ma-za-za-ma-ma-ma-ma-za-ma-ma-ma-za-ma-ma-ga-ma-ma-ma-ya-ma-sa-ma-ga-ya-ga-ga-za-sa-ga-za-ga-ya-ma-ba-ma-ga-ga-za,2104.883938,47576
241,ta,1026.333616,1254
242,va-ra-za-ra-va-za-ya-za-sa-ma-ya-va-za-ba-ma-ra-ya-za-ga-va-va-ma-za-ga-ma-va-za-ba-ga-ra-va-ra-va-va-za-za-va-za-za-ga-ga-ga,1420.208219,85931
243,va-za-va-ya-ma-za-ga-za-ba-va-ra-ra-ya-va-va-sa-za-ra-za-ra-za-ra-za-za-va-ra-za-ra-ya-za-ba-za-va-ra-va-ma-za-za-va-ra-ma-ga-ga-ra-ma-ga-ra-za-za-ya-ga-ba-ma-ya-va-ga-za-ra-ba-za-ra-va-ya-va-za-ra-va-ra-ba-ga-ga-ga-za-va-ra-ga-ga-ra-ga-ma-ma-za-ya-ga-ga-ga-ba-ga-ga,1643.350664,106460
244,ta,1075.013971,63586
245,ma-za-ma-ra-za,1322.033638,47619
246,ta,1240.790132,27938
247,ma-ya-ma-ma-sa-ga-ga-ra-ra-va-va-va-za,1815.293998,88413
248,va-va-va-ga-ga-ma-va-ma-va-za-za-va-va-va-ga-va-va-va-va-ga-va-ga-va-ma-va-za-za-ga-va-va-va-va-za-va-va-ma-va-ma-va-za-za-za,1572.267566,63416
249,ga-va-ya-za-sa-za-ra-ra-va-va-ya-ga-za-ba-ma-va-ga-ma-za-ma-va-va-ma-ya-ma-ra-ra-ma-ma-ba-ma-ga-ma-ya-ma-sa-ma-za-ra-ra-ra-ra-va-ya-za-za-va-ba-ra-ra-ma-ma,1798.923439,89837
250,za-ra-ma,1830.929033,66424
251,za-za-ya-za-za-sa-za-ma-ma-ma-ma-ma-ya-ga-ma-ma-ga-ma-ga-ma-ma-ma-ma-sa-ma-za-ya-za-ma-ma-ma-ba-ga-ya-ma-ma-za-ma-sa-za-ma,1654.582116,82942
252,ta,1321.373277,60178
253,ga-ra-za-ma-va-ra-za-za-ra-ra-ma-ma-ra-ma-ma-za-ra-ma-za-ma-va-za-ma-ma-ma-va-ra-ya-za-ra-za-ra-sa-za-za-ya-ma-ba-ma-ra-ra,1379.63111,89985
254,ta,2096.164768,77700
255,ta,1196.62279,9695
256,va-za-za-za-ma-za-za-ma-ya-va-za-za-sa-za-za-za-ya-za-sa-za-ya-za-ra-ra-sa-za-ga-ma-ya-ma-za-ma-za-ma-ma-sa-ga-va-ma-ya-ma-za-za-ma-ma-ba-ma-ya-ma-ba-ga-ma-ma-ma-ma-za-ra-va-za-ma-ma-ra-ma-ga,1421.740922,90648
257,va-ga-ga-ga-ga-va-ma,1159.897328,71299
260,va-ya-ma-ma-ba-ma-ra-ya-va-ra-ga-sa-ma-va-za-za-za-za,1255.891704,19112
261,za-ya-va-sa-za-za-za-ya-va-za-ga-ma-za-ba-ga-ya-za-za-ga-za-za-va-ba-za-ra-ya-za-ba-ma-ya-za-va-va-va-va-sa-ga-va-va-va-ra-ya-va-ba-ga-ma-ya-va-za-ra-va-ma-sa-va-ma-va-ya-va-va-ba-za-ra-ma-va-ga-va-va-za,1023.180133,15541
263,ga-va-za-ma-ga-za-va-za,984.449227,23352
264,ta,872.529225,11553
265,ga-ya-va-ra-ra-va-va-ma-va-va-va-va-va-za-za-ba-za,1262.780499,13797
266,za-va-za-za-ya-za-sa-za-ga-ma-va-va-va-ga-ma-va-ma-ma-ga-ma-va-va,1593.868508,105319
267,va-ra-za-za-ya-va-za-va-va-ra-va-ra-va-za-ba-za-ma-va-va-ga-va,1324.694369,90586
268,va-va-va-va-va-ra-ra-va-ra-va-va-va-va-ra-va-va-va-ra-ra-ra-ga-ya-va-sa-ga-va-va-va-za-va-va-ya-za-ra-ra-va-sa-va-va-va-ra-ga,1560.291455,1863
271,ma-ya-ma-ma-ma-ga-za-va-za-ga-va-ba-va-za-za-ma,1675.931598,38536
272,va-ya-za-za-ma-za-za-sa-va-ra-ma,1430.198404,89260
274,za-ra-va-ra-ya-va-sa-za-ya-za-za-ra-va-ra-za-ba-za,1705.232458,46692
275,ma-ga-ya-ga-ra-ga-sa-ga-ra-ma-ya-ga-za-za-ga-za-ga-ga-ba-za-za-ma-ya-va-ga-ga-ga-sa-za-va-ya-ma-ga-ga-ba-va-ga,1653.186382,36501
276,ma-ya-ma-za-ba-za-za,886.53054,54857
277,va-ya-ma-ga-ba-ga,1255.450984,84341
279,va-ya-za-za-va-sa-va-za-ga-za-va-za-ga-ra-va-ma-ma,1158.710932,9072
281,va-ma-za,1334.18951,84745
284,ma-ga-ga-ma-va-ra-ya-ma-ra-ma-sa-ma-va-ya-ga-sa-ma-ma-za-ma-za,1265.382573,77420
287,ta,1676.252326,11926
289,ma-ma-ga-ga-ra-va-ra-ga,1498.725246,89465
291,ta,976.739886,58532
293,za-ga-ya-ga-za-ga-sa-va-va,1050.95214,12622
294,ma-ra-ra-ga-ma,2003.491215,77180
295,ga-ra-va-va-ga-ga-ya-ga-ra-ga-za-ra-ga-ra-ga-ga-sa-ga-ga-ga-ra-va,1177.779303,70079
296,va-va-ma-ra-ra-ra-ma-ga-ga-ma-ga-za-za-za-va-va,1176.980242,9406
299,ta,1418.829092,19527
302,va-va-va-ma-va-va-ga-ga-ga,925.454823,2332
303,za-ma-ra-ya-za-va-ra-ma-ma-ba-va-ga-ga-va,1279.212389,73352
304,va-va-ra-va,1708.698094,52033
305,za-va-va-ya-va-va-ma-sa-va-za-za-ya-ga-ga-ga-ga-sa-za-va-ya-ma-ga-ga-sa-ga,1126.008374,9201
306,za-za-va-ma-ya-va-va-ma-ba-va-ma,2015.078683,42455
307,ma-ra-ra-za-ma-ma,1259.822148,4162
309,ga-ma-ra-ma-za-ma,1318.714778,21807
310,va-ga-ga-ga-ga-ma-va-ga-ga-za-za-ga,1206.748095,61545
311,ga,1007.525872,52593
313,za-ra-ya-ma-ra-ra-sa-za,1016.786146,55840
316,za-ma-ra-za-ga-za-va-ma-ra,1181.46299,12678
318,za,772.733997,42939
320,za-za,1016.106068,13863
324,ma-ma-ya-ga-ba-ma-ma-va-ga-ga,1311.871059,75403
326,za-ra-ma,1043.244733,58309
328,ga-ga-ma-ga-va,1147.485452,27398
329,ga-ra-ga-ga-za,1275.081114,76954
331,va-va-ra-ga,1285.35688,33878
332,ma-ma-za-ma-ra-za-ra-za-ra-za,1344.813208,30790
335,ga-va-ya-za-ba-za-va-va-ma,1146.430998,62928
336,ga-va-ra-ga,973.524312,5140
337,va-ma-ra-ra-ra-ra-ga-za-ga-ga-ya-ma-ma-ba-ga-ga,1406.364902,83356
338,va-va-va-ga-ra-za-ma,1153.161371,22949
339,va-va-za-va-va-va-va-va,844.496769,49208
340,va-va-va-ra-ra-va-va-ga,1302.605357,73901
341,va-ra-ga,1175.52577,14582
342,za-za-ga-za-ma-ma-ma,1605.189155,57438
343,va-ya-za-ba-za-va,1199.130621,16412
345,za-ga-ya-za-za-ra-ga-ra-ba-va-ya-va-ma-ga-sa-va-ma-ra-ya-va-ga-ba-za,1129.069268,10981
346,va-va-ya-za-za-za-ba-va-ma-va,733.422316,41342
347,ga-ga-ra-ma-ga-za-za-ma-ma,1203.175963,14779
348,ga-ya-za-za-ga-za-va-sa-va-ra-ma-ya-ga-sa-va-va-va-ga-va-ga-ga-va,879.018107,47172
350,ma-ma-ma-za-za-za-ma-ra,1298.897915,70255
351,za-ga-ra-ga-ya-za-ma-ma-ma-va-sa-ma,1032.090847,52783
352,ma-za-ma-ra-ma-ma-za-za-za-ba-za,1571.279188,97021
355,ga-ya-za-va-ra-sa-ga-ga-va-ra,896.831515,53013
356,ga,974.75067,23565
357,ma-va-va-ra-ra-ya-ma-za-ba-ma,1421.427041,81044
358,za-ga-ma-ga,911.31437,22291
359,va-ga-ya-za-ma-ma-ga-ga-ma-ba-va-za-ya-ga-ma-ga-ma-sa-ma-za-za-za-ma,1241.913114,70288
360,ma-za-za-za-va,929.339486,4936
362,ga-ma-ra-ra-ga-va-ya-za-va-ba-va-va-va-za-ga-ga-ga-ra,1608.730646,84432
363,za-ra-za-va-za-ga-za-za-va-va-ma-ma-va-ya-ga-ba-ga-za-ya-za-ga-za-ma-ma-va-va-ma-ga-ga-ga-va-sa-va-ga-za-za-va-va-ma-za-ya-za-va-va-ma-ga-ga-ga-va-ma-ga-ra-sa-ma-ga,1527.968676,81745
366,ta,754.707029,44329
367,ga-ya-va-va-sa-ma,1129.534433,55821
370,va-za-ga-ma-va-ya-ma-ga-ma-va-ga-sa-ga,1219.824076,72128
371,za-ma-ya-ma-sa-ma-za-ra-ga-ga-ra,1055.160445,60564
373,ga-ra-ra-ra-ra-ga-ra-ra-za-ma,1342.133575,79441
374,za-ma-za-ya-ga-va-va-ba-za-za-ma-ra-va,1132.632231,67479
376,ga-va-ya-ga-ba-ga-ra,756.049717,48040
377,ma-ya-ga-va-ma-va-sa-ga-ga-va,846.540529,54439
378,za-ra-va-va-ga,842.075655,52811
379,za-za-ga-ga-za-ya-ma-ba-ma-za-ma-va-ra-ga,927.527364,59333
380,za-ra-za-ga-ma,1107.622412,67319
381,ma-ma-ma-va-ma-ra-ra-za,1198.00827,69992
382,ga-ya-za-za-sa-ma-ga-ya-va-za-za-ga-ma-ba-za,830.779049,54348
384,za-ra-va-ga-ra-za,959.699618,57810
386,ma-va-va-ra,646.66292,40397
388,ma-va-ma,637.477083,42917
389,za-ra,613.449674,39366
390,za-ya-za-ra-ga-sa-za-ma-za-ra-ya-va-ma-ba-va-va,1058.899635,65231
391,ga-ra-va-ga-va,694.666837,44507
392,za-ma-ma-ya-va-va-ga-ga-va-ga-ga-ma-za-ra-va-za-ga-ba-ga-za-ya-za-ga-za-sa-va-ya-va-va-ga-za-ga-ga-ba-ga-ma-ga,1215.126198,76912
394,ga-ya-za-va-za-va-ba-za-ra-ya-va-va-sa-va,1252.971338,77440
396,za-ma-va-ma-ya-ga-ba-ga-ga-ya-ma-ga-ga-ga-ra-va-ba-va,1343.662307,84107
397,ga-ra-ma-za,685.303844,41526
398,za-za,1188.856051,68357
399,ma-ya-ma-ra-ma-sa-za-ga-ma-va,1116.857615,67001
400,ma-ga-ya-za-ma-sa-ma-ma-ma-va-ra-ra-ya-za-ra-ra-ma-va-ga-ga-ra-va-ra-ra-sa-za-ra-ra-ya-ga-ra-va-ra-ra-ga-sa-ma-ya-va-va-ga-ba-ga-ma,1379.936141,75507
401,ma-ra-ma-ma-ma-ma-ma-va-va,694.473941,40291
402,za-ga-ra,848.824357,50457
403,va-ga-va-va-za-ma-va-ya-va-ba-va-va-ga,1116.284372,65160
404,ga-ga,1099.794257,62916
405,ga-ra,956.418963,48664
406,ga-ga-va-va,986.036145,51566
407,ga-ra-ma-ma-va-ra-ma-ra-ra-za-za,1185.698902,63992
408,za-ya-za-ga-ba-va-va,1243.745055,39612
410,ma-ra-ga-ga-ya-ga-ma-ma-sa-ga,1161.848022,31803
411,za-ya-za-ga-ga-ma-va-za-ga-ra-va-sa-va,1241.408259,27801
412,va-ya-ga-ba-ma-ya-va-va-sa-ga,973.421707,37803
415,ma-ya-ma-ra-sa-ga-ga-ga-ga,981.614617,1656
416,za-za-ra-ga-ra-ma-ga-ra-ga-ma-va-ma-ga-ma-ga-ra-ma,1574.593888,60546
417,za-va-ya-ma-ga-ga-ba-ga-ra-ya-va-sa-ga-ma,1206.994156,24901
419,ga-ga-ga-ra-ga,786.375825,7569
420,va-ma-va-ma-ma-za,777.265516,30348
421,za-ma-ra-ga,1107.683708,38592
422,va-ya-va-ba-ma-ga-ya-za-va-ga-ra-sa-va-va-va,899.888788,52904
423,ma-za-ma,994.842531,38910
424,ga-va-ga,1029.224496,22514
425,va-ga-ga-ma-ga-ga-ma-ma-ma-ga,1184.603409,41511
426,ga-ga-za-za-ga-ga,1013.82493,26797
427,ga-ya-ma-za-ba-za-ga-ya-ma-ra-ra-ba-ma-ra-ra-ga-ga-ga,1182.802533,26687
428,ma-za-ra-ma-ra-ra,732.065984,38223
429,ma-ya-va-va-va-sa-va,902.271369,1108
430,ta,1170.204999,26411
431,va-ra,712.287161,28196
432,ma-ga-za,937.548235,8789
433,va-va-ya-ma-ma-za-ma-za-sa-ma,1370.718777,40238
436,za-ra-va-ya-va-ma-za-ba-va-ya-va-sa-va-za-ma-ra-ma-va,992.422509,13804
437,va-va-va-ya-ma-ma-ma-ga-sa-ga-ga,978.271922,34658
438,za-ya-za-ba-za-ya-ga-ma-sa-ma-ya-ma-ra-ma-sa-ga-ga,1502.239845,56110
440,va-ya-ga-ga-ga-va-ba-ga,1123.096208,21432
441,ma-ma-va-va-ga,645.279846,39565
442,va-ya-ma-ga-ga-ma-ba-va-ya-ma-za-sa-za-ya-ga-ga-ga-ba-ma-ra-za,1264.454672,17801
443,ma-za,871.496399,31136
445,ma-za-ma-ma,684.151825,8905
446,ga-ya-za-va-sa-za-va-ya-va-ma-ba-za-va-ma-ma-ga-za-ga-va,815.632965,2523
447,za-va-va-va-va-ga-va-va-ya-ga-ga-va-ba-va,1074.283993,35937
448,ma-ya-ga-za-ba-za-ma,1092.857262,54068
449,ma-ra-ma-ya-ma-sa-ma-ya-za-ra-ma-ba-za-ga-za-va,1264.411294,69973
450,za-va-va-ra-ma,1064.235643,55563
451,ma-ga-ga-ma-ga-ra-ma-ma-ga-za-va,1284.197453,50915
452,va-ma-ma-za-ma-ra-ma-za-ra-ya-va-ra-ga-ba-va,1560.367074,62336
454,ma-ma-ra-ya-ga-ga-va-ba-ma-ya-va-ga-va-ba-va,1047.788068,27802
455,ma-ma-ma,627.408157,21370
456,za-ma-va-ma-ra-za-ya-za-za-va-va-ba-va-va-ga,881.059814,32908
457,ga-va-ga,777.324201,24629
458,ga-ra-va-ga-ga-va-va-ga,884.152307,19887
459,ga-ga-ra-ra,1528.13462,70852
460,ga-ya-za-za-sa-va-ya-ma-ma-ga-sa-za-va-va-ga,1126.154266,51885
461,ga-ma-ya-za-sa-va-ya-va-za-sa-ga-va-va-ma-ra,821.315795,32386
463,za-ra-ya-ga-sa-ga-za-ra,699.632244,6043
464,ma-ma-ya-ma-ra-ga-ma-ma-ba-ma-za,1093.498556,52402
465,za-va-ra-ma-ra-ma-va-ra-va-ya-za-ra-sa-za-ma,1042.067995,49225
466,ma-ma-ga-ma-va-ra-va-ma,1563.34076,26101
467,va-va-va-ga-va-ra-ga-ra-ga-ma-va-va-za-ga-va,1529.686047,67954
468,va-va-ma-ga-ra-ga,815.510129,43510
470,za,750.895616,9171
471,ta,1073.071094,17693
472,ga-ga-ga-ma-ra-ra,954.405194,19651
473,ma-ra-ya-va-ga-za-ra-ra-za-ra-ma-ra-ba-ma-va-ra-ga,1436.908692,75108
474,za-za-ma-ra-ma-va-ma-ma,971.376248,18174
475,ma-ya-va-za-ba-ga-ma-ga-ra-ya-za-ra-va-za-za-ga-sa-za-ya-ga-va-ga-va-ba-va-ya-va-ba-va,1158.805473,64583
476,ma-za-ra-va-va-ra-ma-va-va-va-ga-za,1242.678052,29267
477,za-va-za-va,1284.153537,63710
478,ma-va-ra,637.022,34887
479,za-ya-za-ra-ga-sa-za,1032.15301,16731
480,ga-za-ma,752.644809,23411
481,ma-ya-za-va-va-ra-ba-ga-ra,1534.387439,78760
482,za-ya-za-ga-va-ra-za-sa-za-ra-ra-ra-va,1058.212669,19610
484,ga-ra,1243.541582,58014
485,ma-ra-ga-ma-ra-ma-ra-ma,1301.022034,68695
486,ma-ma-ga-za-za-va-za-ra,799.418758,19061
488,ga-ra,663.196253,36132
489,va-ga-ya-ga-ra-ba-ga-za,996.143145,38278
490,ma-ga,785.200233,23499
491,va-ma-ra-va-ma-va-ma-ga-va-za-ga-ga-ma,1355.596967,66302
492,va-ga-za-ma-za-ga-va,843.381468,4555
493,va-va-va-ra-za-ra,1056.370134,10119
494,ma-za-ya-za-ga-ba-ma-va-ma-ma-ma-za-za-ra,1074.468582,63566
497,ga-ya-va-ya-va-ya-va-va-ba-va,1083.503706,62385
498,va-va,784.543755,23798
499,va-va-ra-ya-va-ba-za-ya-va-va-za-sa-ga,1348.404811,72315
604,ta,1151.344798,24375
617,za-za-za-za-za-ya-za-za-ba-za-va-za-za-za-ma-ya-za-za-za-za-sa-za-ma-va-va-ga-ma-ma,1462.793045,66845
622,ta,1359.073426,40563
630,ta,844.390413,29670
636,ga-ga-ma-ma-ga-ma-za-za-ra-ma-za-ra-ya-za-ra-za-ba-za-za-ga-za-za-ma-ma-ra-za-ra-za-ma,1957.437582,88941
640,ta,1535.493148,66896
644,za-za-za-za-va,1040.181595,18491
651,ta,1480.705404,58965
654,ta,1290.737015,74320
655,ta,1204.457335,57094
657,za-za-ma-ya-za-va-sa-za-ra-ra-ga-ya-za-za-ra-za-za-sa-za-za-ya-za-ga-za-sa-za-ya-za-za-ga-ba-ma-ma-ya-ma-ra-za-za-ra-sa-za-za-za,1555.3474,87885
663,ta,1156.278998,29537
686,ta,972.077901,63482
696,ta,787.362988,52479
706,ta,1745.484141,55673
707,ta,1132.82114,7092
712,za-va-ya-za-za-va-va-va-va-ga-ga-ra-ga-ga-ba-za-za-ya-ga-ga-ga-ga-sa-ga-ga-ga-ga-ga-ga-va-ga,1976.845476,26730
714,va-ya-va-sa-va-va-va-za-ra-ra-ma-ma-va-va-ya-za-sa-va-va-va-va-ma-va-va-va-ya-za-za-ba-za-va,1739.885387,90342
729,ta,1443.398269,2007
730,va-za-za-za-ra-ra,1061.934505,59568
743,ta,1118.74857,68083
748,ma-ra-ra-ya-za-ga-ma-ga-sa-ma-va-ya-ma-ma-ma-ba-ma-ya-za-ga-za-za-ga-ra-ma-ma-sa-ga-za-ma-ga-ya-ga-ba-ma-ra-ra-ra,2028.210633,125450
749,ta,1089.538953,61468
751,ga-za-ya-va-ga-va-ga-va-ba-va-ga-ga-ga-ga-ga-ga-ga-ga-ga-ga-ga-ga-ga-ga-ga-ga-ga-ga-ga-ga-ga-ga-ga-ga-ga-ga-ga-ga-ga-ga-ga-ga-ga-ga-ga-ga-ga-ga-ga-ga-ga-ga-ga-ga-ga-ga-ga-ga-ga-ga-ga-ga-ga-ga-ga-ga-ga-ga-ga-ga-ga-ga-ga-ga-ga-ga-ga-ga-ga-ga-ga-ga-ga-ga-ga-ga-ga-ga-ga-ga-va-va-va-va-va-va-va-va-va-va-va-va-va-va-va-va-va-va-va-va-va-va-va-va-va-va-va-va-va-va-va-va-va-va-va-va-va-va-va-va-va-va-va-va-va-za-za-za-za-za-za-za-za-za-za-za-za-za-za-za-za-za-za-za-za-za-za-za-za-za-za-za-za-za-za-za-za-za-za-za-za-za-za-za-za-za-za-za-za-za-za-za-za-za-za-za-za-za-za-za-za-za-za-za-za-za-za-za-za-za-za-za-za-za-za-za-za-ma-ya-ma-za-sa-ma-ra,1553.866492,85605
759,za-va-ya-za-ga-za-ra-sa-za-ma-va-va-za,1587.1638,79191
773,ta,1089.296659,62631
774,ta,1088.934802,54168
775,ma-va-va-za-ra-za-ma-ma-ra-za-za-ga,1401.98516,83267
780,ga-ga-ma-va-ga-va-ga-va-va-ya-va-ra-ra-ra-ra-va-va-ra-ra-ra-ra-ba-ga,1615.169529,89612
789,ta,1099.301602,59307
790,ta,1098.233406,56164
805,ta,1460.008443,74614
824,ta,1263.813801,56870
832,ta,1615.971746,79022
861,ta,1239.905491,60669
864,ta,1605.169216,74730
871,ta,1450.262846,65784
878,za-za-ya-ga-va-ba-va-va-ra-va-va-va-va-ma-va-ra-ga-za-za-ya-va-ra-ga-za-ba-ga-za-za-za-ya-va-sa-ga-ga-ga-ma,1527.487955,78493
904,va-ga-ma-ya-ga-va-ba-va-va-ya-ga-sa-ga-ya-ma-sa-ga-ya-ga-za-va-ma-ga-ba-ga-ra-ra-ya-va-ba-va,1855.342711,94779
912,va-ga-ma-ma-ma-va-ra-ma-za-za-za-ra-za-ga-za-ra-ya-za-ba-za-va,1330.013791,73138
926,va-va-ya-va-ba-va-za-za-va-ga-ya-ga-ga-sa-va-ga-ga-ga-ga-ga-va-va-va-ma-va-va-va-ma-va-ya-va-ma-sa-va-ga-ma-va-va-va-ga-za-ga,1746.374465,92796
933,ta,848.288158,44945
960,ta,1443.94969,31268
961,ta,1586.229744,45063
970,ta,1344.774491,80214
976,ta,994.515308,52316
978,za-ya-za-ra-za-za-ba-za-ra-ya-za-za-za-sa-ga-ya-za-za-ma-ba-za-za-ra-ga-ra-za-za-ma,1527.70138,82647
983,ga-ra-ya-va-va-ra-za-za-ma-za-sa-ga-ya-za-za-ba-za-za-za-za-ga-za-ra-ra-za-va-za-ra-ra-ra-va-ya-va-sa-va-va-va-va-ra-za-za-za-ya-ga-ga-ga-ga-ra-ga-va-sa-va-va-va-ma-va-va-va-ga-ga-va,1328.480629,80685
994,ta,1148.199836,64536
997,ta,1375.550646,77293
1007,ta,1141.945454,70119
1019,ta,974.43609,62269
1025,ta,1181.236528,8060
1029,va-ra-ga-ya-va-va-ma-ga-ba-ga-va-ra-ra-ga-va-ya-va-za-va-va-va-va-va-za-va-sa-za-ya-va-za-ba-va-ya-va-va-za-za-va-sa-va-va-va-ra-va,1693.261826,96619
1036,za-va-ra-ya-za-va-ga-ba-va-ya-za-sa-za-va-za-ra-za-ra-ra-za-za-ga-za-za-va-va-va-va-ga-ga-ma-va-ra-va-za-za-va-va-va-ya-va-sa-za-za-va,1752.629176,100821
1048,za-ra-va-ma-ya-ga-va-sa-ga-ga-ma-ga-ga-za,2006.347921,104871
1049,za-ga-za-va-za-za-ga-ra-ga-za-ra-za-za-ga-ma-ma-ma-ma-va-ga-ma,1202.78392,49223
1055,ma-va-ya-ma-ba-ga-za-va-ya-ga-sa-ma-ma-za-ma,1354.313523,89387
1057,ta,1239.646752,29976
1062,ga-ma-ga-ma-ra-ma-ma-ra-va-ga-ya-ma-va-ra-ra-ra-ga-sa-ga-ra-ma-za-ya-ma-sa-ga-ga-va-ra-ga-ya-ga-ba-ga-ra-ra,1486.122914,88762
1081,ta,2069.107999,6498
1089,va-ga-ga-ga-ma-ra-ra-ga-ga-ga-va,1248.994041,71260
1098,ma-ra-za-va-ma-za-ra-ma-za-za-za-ga-za-ra-ga-ra-va-ma-ma-ra-za-ma-va-ma-ra-ya-ga-ga-sa-ga-ma-ra-ma-ga-ma-ma-ra-va,1608.841382,92119
1101,va-va-ma-ya-ma-va-ma-ma-ma-ga-ga-sa-ma-za-ma-ya-ma-ma-ra-sa-ma-ma-ra-ma-ra-ma-ma-ra-ma-za,1367.301184,87022
1104,ta,898.983459,16130
1106,ta,1247.238127,76027
1111,va-ga-ya-za-ma-za-ba-za-ya-za-sa-va-ga-ya-ma-za-za-za-ba-ma-ma-ya-va-va-za-za-ga-za-za-ba-za-za-za,1215.560877,76846
1113,ga-ya-va-ga-ra-va-va-ga-za-za-sa-ga-ra-ya-ga-sa-ga-ya-ga-ra-sa-ga-ga-za-ya-ma-ga-ga-ga-ra-za-ga-ga-va-sa-ga-ya-va-va-ma-sa-ga-ya-va-ba-ga-ga-ga-ya-ga-ra-za-ga-sa-ga-ga-ga-ma-za-ga-ra-ga-ga-ga-ga-va-va-za-va-va-ga,1466.553925,103406
1120,va-ra-ga-ya-ma-ga-ra-sa-za-ra-ma-va-ga-za-ra-za-ga-ma-ma-za-ra-ya-za-ba-za-ya-va-sa-za-ya-za-va-ba-za-za-ma-va-ma-ma-ra-ya-ma-ra-sa-ga-za-va-va-ra-ra-va-va-ra-va-ga-va-ga-ma-ga-ra-va-ya-va-ba-za-ra-va-va-za-ya-va-ma-ma-va-ba-va-ga-ra-va-ya-za-sa-va-va-va-va-va,2522.955357,78596
1127,za-ma-ya-va-ga-ga-ba-ga-za-ya-ga-ga-ma-ra-za-ma-ga-ma-ga-va-sa-ma-ya-ga-ba-ga-ga-va-ma-ga-ra-ga-ga-ra-ga-ra-ga-ga,1388.884101,91427
1130,ta,1174.304756,19439
1137,ma-ya-za-za-za-sa-va-za-za-va-za-za-za-za-za-ra-ga-ma-ya-za-za-ba-ga-ya-za-za-ra-ra-ba-za-ma-ma-ma-va-za-ra-za-za-ra-za-ma-ga-za-za-ma-ga-za-za-za-za-ba-za-ma-ma-za,1338.638842,91251
1139,ta,773.217673,49555
1148,ga-ga-ra-ya-ga-ga-ga-sa-ga-ya-ga-ra-va-ra-ba-za-ra-ya-va-ra-ga-ra-ba-ga-za-ya-ga-ba-ga-ra-ra-va-va-za-ga-va-ma-ra,1566.129476,47354
1149,ta,1390.119049,59809
1151,ta,1142.225723,64960
1162,ta,1133.173914,24072
1169,za-za-ra-va-ya-ma-ga-ma-ma-za-sa-ma-ya-ga-ba-ga-ra-ga-ra-ma-va-ga-ga-ya-ga-ra-ga-ga-ga-ga-za-sa-ga-ma-ma-ma,1875.090874,73063
1174,va-ya-ma-za-ra-ba-ma-ra-va-za-ga-ga-ya-ga-ba-ga-za-za-va-va-va-ga-ya-ga-ba-ga-ra-ga-ra-va,1900.218583,30870
1194,va-za-va-ga-za-va-ga-za-ga-ya-za-ra-za-za-za-za-za-ma-va-ga-za-ra-ma-ma-ba-ma-za-ma-ya-ga-ba-ga-ya-ga-ga-ba-za-ya-ga-ga-za-ma-sa-ga-ya-ma-ga-sa-ga-ya-ga-ga-ga-ma-va-ga-ba-ga-ga-ma,1586.499979,90130
1195,ga-ya-ga-sa-ga-ma-ga-za-ga-ma-ya-ma-ba-va-va-ya-ma-ma-ga-sa-ga-ga-ya-va-za-ba-ga-va-ga,1897.310597,98893
1197,ta,1637.303186,89557
1199,ga-va-ma-ma-za-ya-ga-va-sa-va-va-va-ra-ga-ma-ma-ma-za-va-ma-ma-za-ga-va-va-ga-va-ga-ga-ga-ma-ga-ma-va-ga-ra-va-va-ra-ga-ra-va-ra,1924.244625,120813
1211,va-ra-ya-za-za-ra-za-sa-za-ya-za-va-ma-sa-za-ya-za-ba-va-ya-va-za-ga-ra-ra-za-ba-za-ga-ya-za-ga-va-ra-ra-va-za-va-ra-ma-va-sa-ga-ya-va-ba-va-ya-va-va-va-ra-sa-va-ga-ya-za-za-sa-za-ra-ya-za-va-ra-ga-za-ba-za-ga-ma-ra-ra-ya-ma-ga-za-ga-ga-ra-sa-ga-ya-za-za-ra-ma-ga-ba-ga-ya-ga-va-ma-ba-za-ga-za-za,2026.245506,114448
1222,ta,830.132787,54336
1228,ta,949.812434,52392
1229,ta,1372.03853,72959
1230,ta,845.188016,54312
1236,va-ya-ga-ga-za-sa-za-za-za-ga-ra-va-ga-va-ma-ya-ma-ba-za-ga-ya-za-ga-ga-ra-za-ra-ga-ba-ma-ra-ma-ra-ma-ma-ma-ma,1349.627307,83914
1250,za-ya-za-ra-ma-ga-sa-za-ga-va-ma-va-ma-va-za-ra-za-ma-va-ra-va-va-ya-va-za-ra-ga-ma-ba-va-va-va-ra-va-va-za,1593.27203,107677
1253,va-va-va-ma-za-za-ra-ya-za-ba-za-ra-va,1457.58493,37047
1254,ga-ma-ya-ga-ga-sa-va-ga-za-va-za-za-ga-ga-va-ma-ma,1006.441332,65860
1276,za-za-ma-ma-za-ra-va-ma-ma-ga-va-ra-ra-ya-va-va-ma-sa-va-ra-ma-ma-va-va-ya-za-va-va-ma-za-ra-za-ma-za-va-ma-ra-va-ba-va-ra-ya-va-ma-ma-va-va-va-ga-sa-va-va-va-za,1433.28607,97012
1281,va-ra-va-ra-ra-ma-za-za-ra-za-ga-ga-va,1667.117103,42989
1286,ta,1093.434891,62118
1290,za-ya-ga-ga-va-ma-ma-sa-ma-ga-ya-va-sa-ga-ga-ga-ya-ma-ma-ra-ga-ra-ma-ga-ra-ba-za-ya-ma-ga-ra-sa-ma-ga-va-ma-za-za-ya-ma-ga-ra-ra-ma-ga-ba-ga-ra-ma-ma-za-ma-va-ya-ma-sa-ma-ma-ga-ma,3623.841795,44615
1298,ga-ra-ga-ga-ma-ga-ga-va-ga-va-ga-va-ma-ga-ga-va-ga-ga-ga-za-ra-ga-ma-va-ga-ga-ga-va-ra-za-ga-ga-va-va-va-ma,1564.956599,37595
1325,va-ga-ga-ra-ya-ga-ga-ga-ga-ga-ba-za-za-ya-ga-ga-ga-ba-ma,1509.383194,21302
1333,ma-ya-za-ba-ma-za-ya-va-sa-va-ra-va-ya-ma-ba-ma-ya-ma-ra-ma-za-ma-ba-ma-ra-ma-ma-ma-ra-ma-ra-za-ma-ga-ya-ma-ba-za-ma-ya-ma-sa-za-ya-za-ra-ba-za-ya-ma-za-ra-ga-ba-za-ra-za-ga-ya-ma-ma-sa-ma-va-ma-za-ya-ma-ga-ba-ma-za-ya-ma-ma-ma-ba-ma-va-ya-za-ba-ma,2039.24092,72496
1334,za-za-za-ma-ma-ya-za-za-sa-za-za-za-ma-ma,1648.950309,33914
1341,ta,932.80647,53427
1343,ta,1270.995463,19137
1345,ta,875.317328,9810
1348,ta,1394.993758,8777
1353,va-ya-va-va-sa-va-va-za-ya-va-va-va-ba-va-za-ga-ga-va-ga-va-ya-va-va-sa-za-ya-va-za-za-ma-va-za-ba-za-va-va-ma-va-va-ma-va-va-ga-za-ga,1857.362767,34419
1357,ga-va-va-ga-ga-ga-va,1397.603219,19716
1372,ta,883.023996,11009
1386,ta,1956.137657,445
1392,za-ra-ya-ma-ra-za-ra-ga-ba-va-za-ga-ya-za-sa-za-ya-za-sa-za-ga-ma-ra-ga-ma,1241.550975,70878
1398,ta,1173.481398,64628
1400,va-ya-va-za-sa-za-va-va-za-ra-ga-ya-za-ba-ma-za-ma-ma-za-za-ga-ga-ga-ma,1146.683179,71202
1411,ma-ga-ra-ga-ya-ga-ga-ra-sa-ga-va-ga-ya-ga-ba-ga-za-za-ma-ya-ga-ma-sa-ma-ma-ga-va-ma-ra-ma-ma-za-za,1725.706052,41711
1424,ta,784.657351,44796
1433,va-ra-za-za-ra-ya-za-ba-za-ga-ya-za-ba-za-za-ra-za-za-za-ma-ma-ma-ma-ma-ra,1889.470555,68868
1439,va-ga-va-za-ya-va-ga-ba-za-ya-za-ga-ba-za-ga-ya-za-za-ba-ga-va-ma-ya-ma-va-za-za-za-sa-za-za-ra-za-va-za,1170.256206,72397
1440,ta,1139.08274,62556
1441,ma-ya-ga-ra-ra-ba-va-ya-ga-ga-ga-ra-sa-ga-ga-ra-ma-ma-ya-va-ga-ga-ma-sa-ga-ga-ma-ga-ra-ra-ga-ma-ga-ya-ma-sa-ga-ga-za-ga,1979.764329,59883
1443,ta,1168.481463,26375
1444,ta,1619.372081,28071
1446,ga-ya-za-za-ga-ga-za-sa-ga-ya-za-za-sa-ga-ga-ga-za-za-ga-ga-ya-za-za-za-ga-ga-za-za-za-ba-ga-ga-ga-ga-za-za-ga-ga-va-ya-ma-za-za-za-ga-ga-za-za-za-za-za-sa-za,1547.467463,41812
1454,ga-va-za-ga-ga-va,1043.671539,62611
1455,ma-za-ra-ra-va-va-ya-va-ba-ma-ma-ya-va-va-za-za-ra-ra-sa-va-va-ma-za-ma-ra-ya-ga-ga-va-ba-va-ya-va-va-sa-va-va-ma-ra-va-va-ra-za-ga,1872.127161,64081
1457,za-ra-ma-ga-ga-za-ga-va-ga-ra-za-va-va-va-va-va-ya-ga-sa-va,1608.753613,100647
1467,ta,1508.596319,1179
1476,ta,2815.699709,91275
1477,va-ya-va-ba-va-za-za-ra-za-ra-va-ra-ra-za-za-ma-ra-ga-ga-ya-va-ba-za-ra-za-ya-za-ga-va-za-ba-za-za-ra-ra-ya-va-va-va-ra-ma-za-ra-va-ma-ra-va-ga-ga-ga-za-ga-za-ba-za-za-za-za,1681.183305,73354
1495,ga-ya-ga-ra-ma-ma-ba-ma-va-ya-ga-ba-ga-ga-za-ya-ma-ba-ga-ra-ma-ya-ma-ga-ma-va-ma-va-ga-ga-sa-ga,2070.302993,113934
1502,ta,1422.57842,71451
1512,ta,1051.339719,62980
1520,ga-ya-ga-sa-va-ya-va-va-ba-va-va-ga-ya-va-za-va-va-va-ba-va-ga-va,1326.294591,81733
1524,ta,1037.871803,56120
1532,ta,1097.033735,61974
1533,ga-va-va-ma-va-ga-ra-ma-za-ga-ga-va-za-ra-za-ga-ga-ga-va-za-va-va-va-za-va,1523.532461,83846
1545,ta,1576.868756,74657
1551,ta,1171.585647,49417
1573,ta,1935.686341,95073
1584,ta,1143.045245,57176
1611,ta,1130.607276,61478
1613,ta,1483.426096,84867
1616,ga-ya-ma-ma-ga-ra-ga-va-ma-ma-ma-sa-za-ya-ma-za-ba-ma-ma-ya-ma-ma-ba-ma-ra-ya-ga-ra-za-ra-ma-ra-va-va-za-ma-ma-za-za-ma-ra-ma-ma-ma-ba-ma-ma-za-ra-ra-za-ga,1720.658901,95137
1620,za-ma-ra-ga-za-va-ya-za-za-sa-za-za-za-za-ma-ga-za-ma-ma-ga-ga-ra-ya-ga-ga-ba-ga-ma-ya-ga-ba-ga-ga-za-va-ya-ma-ma-ra-ba-ga-ga-ga-ga-za-ra-za-ga-ga-ga-ma,2302.360411,118242
1623,ga-ga-ga-ra-ga-ma-ya-va-ra-sa-ma-ya-ga-ma-sa-va-ya-ga-za-va-sa-va-ya-va-ba-va-ra-ya-ma-za-za-za-ra-va-ga-za-ga-ra-va-za-za-za-sa-za-ma-va-va,2407.865638,105300
1624,za-ra-ya-ma-za-ma-ga-ra-ga-ga-za-ma-ba-va-za-ga-ma-ya-va-ga-za-ga-va-sa-ga-ga-ga-ga-ma-ga-ya-va-ba-ga-ya-ga-va-ga-ga-ga-ba-ga,2338.846437,97661
1638,za-za-za-ra-ra-ga-ma-ra-ya-ga-ga-ba-va-ga-ya-ga-ga-ra-ba-ga-ga-ma-ma-ma,1876.275544,96326
1639,ga-ya-za-za-ba-za-va-ya-va-va-sa-va-ra-ga-ra-va-va-za-za-za-ra-za-ga-va-za-va-ma-za-za-va-ga-za-ma-ra-za-ra-ra-ra-ra-ra-va-va-ma-ya-va-va-va-sa-va-ra-va-va,1932.364973,116972
1650,ta,996.162467,53487
1666,va-ya-ga-za-ba-ga-ya-ga-ga-ga-sa-va,1268.899552,66194
1671,ma-za-ya-za-sa-va-za-va-ra-ga-ya-va-ba-ga-ra-ya-va-va-ga-ga-va-sa-ga-va-ra-ga-va-va-va-ma-ma-va-ra-ma,2312.274016,79742
1697,ma-va-ga-va-ma-va-za-ya-ma-ga-ra-va-ba-ma-ra-ga-ma-va-ra-ma-ma-ra-ma-ra-ra-ma-ya-ma-ra-za-ra-sa-ma-ga-ma-va-ma-ma-va-ma-va-ma-va-va-ga,2094.179563,125872
2000,za-za-ya-za-ra-ba-za,1019.039687,50660
2001,ga-ra-ga-ra-ga-za-va-ra,1237.465224,64280
2002,va-ya-ga-ga-ba-ma-ga,782.731085,37812
2003,va-ga-va,959.589974,47576
2004,za-ra-ga-va,1052.964306,54064
2005,za-ma-ma,642.256504,32041
2006,ga-ra-va-ra-va,1064.384439,54254
2007,ga-ra-va-ra-ra,686.060432,38140
2008,ga-ma,548.664131,31852
2009,ga-va-ma-ya-za-sa-va-ra,933.754249,51242
2010,ma-za-ga,1011.772661,51130
2011,va-za-ra-va-ya-ma-ra-sa-za-ma,1117.154149,61236
2012,ma-va-ma-ga-ra-ma-za-ga,1076.636362,58532
2013,za,534.919428,29678
2014,va-za-va,560.137053,31903
2015,ma-za-za-ga-ga-va-va,1240.477118,16080
2016,ga-va-ra-va-va,1105.208476,59652
2017,va-ra-va-va,812.569836,45743
2018,ga-ma-va,1443.356368,75669
2019,ma-ra-ma,341.497563,18586
2020,za-ma-ma,935.092431,42412
2021,ma,435.245205,6566
2022,za-ra-va,723.604453,35938
2023,ma-ga,883.45188,41438
2024,za,451.733296,23826
2025,ga-ra-ya-ga-ba-va,1057.489321,55621
2026,za-ra-ra,701.011266,39884
2027,ga-ra-ma-ra-ga-ga,952.527515,50750
2028,va-ra-za-za,772.518148,40462
2029,ga-va-ma-za-ga,1002.517853,57496
2030,za-za-ya-va-sa-za,644.052392,11266
2031,ma,393.811362,23536
2032,va-ga-va-ra-ga,869.317491,49276
2033,ma-ga,788.688708,45949
2034,ga-ma-ma-ra-ma,579.418589,33971
2035,za-za,499.273275,28949
2036,ma-ra-za-za-va-za-ra,790.328533,46563
2037,va-za,826.935897,47194
2038,va-ya-ma-ma-ba-ma-ma-ya-ga-sa-ga,669.974713,38755
2039,ga-ga-ra,1637.747527,21864
2040,va-za-za,889.33279,49512
2041,ga-ga-ga,536.380338,30560
2042,va-ga-za-za-va,1142.392149,66787
2043,za-za-ga-va-va-ga,956.203678,55924
2044,va-za-za-va-za,792.514582,46039
2045,va-ra-ya-ma-ra-ba-va-ra-va-ya-ma-ma-ra-za-sa-za,1006.352383,61640
2046,ga-ga-ga,572.622995,34235
2047,za-za,810.717762,46910
2048,ga-ma,382.262719,21133
2049,za-za-ga,473.71392,27862
